{"mae":42950.8673249502,"rmse":54684.9232885188,"r2":0.7276557503,"wape":5.6498421429,"model":"prophet"}