{"mae":60675.7576150853,"rmse":77669.0745222387,"r2":0.7765432453,"wape":5.4532906164,"model":"prophet"}