{"mae":60710.8126472686,"rmse":77903.2489213697,"r2":0.7758234882,"wape":5.4553149738,"model":"prophet"}