{"mae":61303.7332918962,"rmse":78164.1062816469,"r2":0.7677018838,"wape":5.5181690264,"model":"prophet"}