{"mae":60406.7476418355,"rmse":77271.923146145,"r2":0.777351143,"wape":5.4335571463,"model":"prophet"}